{"generatedAt":1751665091101,"beganAt":1751664266258,"timeTaken":{"jsc":29610.382255999953,"jsc_exp":30894.043652999997,"kiesel":72300.58065799999,"libjs":50087.938779,"porffor":499784.613396,"qjs":13179.314114,"qjs_ng":16425.018764,"sm":134470.794845,"sm_exp":117116.037983,"v8":111620.996706,"v8_exp":116629.316069}}