{"generatedAt":1750945364928,"beganAt":1750944530812,"timeTaken":{"boa":51583.119149999984,"jsc":28489.447380000027,"jsc_exp":26271.602221,"kiesel":73691.770316,"libjs":57292.15155,"porffor":428128.28624399996,"qjs":12115.832289000005,"qjs_ng":14562.580612999998,"sm":131358.788934,"sm_exp":119154.75085000001,"v8":114928.180617,"v8_exp":117133.474201}}